type,TitleCount,Percentage
show,5602,33.58513189448441
movie,11078,66.4148681055156
